"DateTime";"Middeltemperatur";"Maksimumtemperatur";"Minimumtemperatur"
"2019-07-01 00:00:00";14;14.2;13.8
"2019-07-01 01:00:00";14.2;14.4;14.1
"2019-07-01 02:00:00";14.6;15;14.1
"2019-07-01 03:00:00";14.9;15;14.4
"2019-07-01 04:00:00";14.7;14.8;14.5
"2019-07-01 05:00:00";14.9;15.2;14.7
"2019-07-01 06:00:00";15.4;16;15.1
"2019-07-01 07:00:00";16;16.5;15.7
"2019-07-01 08:00:00";16.5;17.1;16
"2019-07-01 09:00:00";16.7;17.1;16.2
"2019-07-01 10:00:00";16.5;17.4;15.8
"2019-07-01 11:00:00";16.6;17.6;16
"2019-07-01 12:00:00";16.1;16.7;15.2
"2019-07-01 13:00:00";16.1;17.2;14.6
"2019-07-01 14:00:00";15.4;16.6;14.1
"2019-07-01 15:00:00";14.7;15.4;13.8
"2019-07-01 16:00:00";15.2;15.7;14.9
"2019-07-01 17:00:00";14.5;15.1;13.7
"2019-07-01 18:00:00";14.2;14.4;13.8
"2019-07-01 19:00:00";13.7;14.2;12.9
"2019-07-01 20:00:00";12.8;13.1;12.5
"2019-07-01 21:00:00";12.5;12.7;12.2
"2019-07-01 22:00:00";12;12.4;11.5
"2019-07-01 23:00:00";11.8;12;11.5
"2019-07-02 00:00:00";11.7;12;11.5
"2019-07-02 01:00:00";11.3;11.7;11
"2019-07-02 02:00:00";10.8;11.3;10.4
"2019-07-02 03:00:00";10.4;10.8;10.1
"2019-07-02 04:00:00";10.7;11;10.4
"2019-07-02 05:00:00";10.6;11;10.4
"2019-07-02 06:00:00";11.1;11.6;10.7
"2019-07-02 07:00:00";11.3;12.1;10.6
"2019-07-02 08:00:00";11.5;12.6;10.5
"2019-07-02 09:00:00";12.4;13.2;11.9
"2019-07-02 10:00:00";12.8;13.3;12.2
"2019-07-02 11:00:00";12.3;13.1;11.1
"2019-07-02 12:00:00";13;13.9;12.4
"2019-07-02 13:00:00";13.3;14.4;12.4
"2019-07-02 14:00:00";13.6;14.5;12.8
"2019-07-02 15:00:00";13.1;14.6;12.5
"2019-07-02 16:00:00";12.7;13.7;12.2
"2019-07-02 17:00:00";12.1;12.5;11.8
"2019-07-02 18:00:00";11.9;12.2;11.8
"2019-07-02 19:00:00";11.8;12;11.5
"2019-07-02 20:00:00";10.9;11.6;10.2
"2019-07-02 21:00:00";10.3;10.6;10.1
"2019-07-02 22:00:00";10.5;10.8;10
"2019-07-02 23:00:00";9.6;10.1;9.1
"2019-07-03 00:00:00";9.1;9.6;8.6
"2019-07-03 01:00:00";9.3;9.7;8.9
"2019-07-03 02:00:00";8.6;9;8.3
"2019-07-03 03:00:00";8.7;9.2;8.3
"2019-07-03 04:00:00";8.3;9.1;7.8
"2019-07-03 05:00:00";9.2;10.6;8.4
"2019-07-03 06:00:00";11.7;12.4;10.6
"2019-07-03 07:00:00";13.1;13.9;12.3
"2019-07-03 08:00:00";13.1;13.8;12.5
"2019-07-03 09:00:00";14;14.7;13
"2019-07-03 10:00:00";13.1;14.5;10.6
"2019-07-03 11:00:00";12.7;13.6;10.9
"2019-07-03 12:00:00";13.3;14.4;12.5
"2019-07-03 13:00:00";12.5;14.2;10.6
"2019-07-03 14:00:00";11.7;12.5;10.5
"2019-07-03 15:00:00";13;14;11.9
"2019-07-03 16:00:00";13.2;13.9;11.9
"2019-07-03 17:00:00";12.4;13;11.3
"2019-07-03 18:00:00";11.8;12.5;10.4
"2019-07-03 19:00:00";11;11.3;10.5
"2019-07-03 20:00:00";11.2;11.5;11
"2019-07-03 21:00:00";10.7;11.3;10.3
"2019-07-03 22:00:00";10.5;10.7;10.3
"2019-07-03 23:00:00";10.1;10.4;9.7
"2019-07-04 00:00:00";9.3;9.9;8.9
"2019-07-04 01:00:00";10.2;10.5;9.6
"2019-07-04 02:00:00";10.4;10.8;10.1
"2019-07-04 03:00:00";11.1;11.4;10.8
"2019-07-04 04:00:00";11.6;11.9;11.4
"2019-07-04 05:00:00";12.2;12.7;11.9
"2019-07-04 06:00:00";12.7;12.9;12.4
"2019-07-04 07:00:00";13;13.4;12.7
"2019-07-04 08:00:00";13;13.3;12.8
"2019-07-04 09:00:00";13.6;14.2;13
"2019-07-04 10:00:00";13.5;14.1;13
"2019-07-04 11:00:00";13.4;14.1;12.3
"2019-07-04 12:00:00";13.4;14;12.2
"2019-07-04 13:00:00";13.4;14;13
"2019-07-04 14:00:00";13.2;13.9;12.8
"2019-07-04 15:00:00";12.6;12.9;12.3
"2019-07-04 16:00:00";12.2;12.6;12.1
"2019-07-04 17:00:00";12.1;12.4;11.9
"2019-07-04 18:00:00";11.9;12;11.7
"2019-07-04 19:00:00";11.7;11.9;11.5
"2019-07-04 20:00:00";11.6;11.7;11.5
"2019-07-04 21:00:00";11.6;11.8;11.5
"2019-07-04 22:00:00";11.7;11.8;11.6
"2019-07-04 23:00:00";11.8;11.9;11.7
"2019-07-05 00:00:00";11.8;11.9;11.6
"2019-07-05 01:00:00";11.7;11.8;11.6
"2019-07-05 02:00:00";11.4;11.8;10.9
"2019-07-05 03:00:00";10.5;11.1;9.6
"2019-07-05 04:00:00";9.4;9.7;9
"2019-07-05 05:00:00";9.9;10.5;9.4
"2019-07-05 06:00:00";11.2;11.9;10.5
"2019-07-05 07:00:00";12.3;13.1;11.9
"2019-07-05 08:00:00";13.4;14.2;12.9
"2019-07-05 09:00:00";14.4;15.1;13.9
"2019-07-05 10:00:00";15.2;15.6;14.8
"2019-07-05 11:00:00";15.7;16.4;15.2
"2019-07-05 12:00:00";16.1;16.5;15.8
"2019-07-05 13:00:00";16;16.6;15.6
"2019-07-05 14:00:00";16;16.4;15.4
"2019-07-05 15:00:00";15.5;16;15.2
"2019-07-05 16:00:00";15.4;15.8;14.9
"2019-07-05 17:00:00";14.4;14.9;13.7
"2019-07-05 18:00:00";13.6;14.1;13.1
"2019-07-05 19:00:00";12.7;13.2;12.1
"2019-07-05 20:00:00";11.9;12.2;11.6
"2019-07-05 21:00:00";12.2;12.4;12
"2019-07-05 22:00:00";12.2;12.4;11.9
"2019-07-05 23:00:00";12.6;12.8;12.4
"2019-07-06 00:00:00";12.1;12.6;11.7
"2019-07-06 01:00:00";11.6;11.8;11.3
"2019-07-06 02:00:00";11.1;11.4;10.7
"2019-07-06 03:00:00";10.9;11.2;10.7
"2019-07-06 04:00:00";11.5;11.9;11.2
"2019-07-06 05:00:00";12.3;12.7;11.8
"2019-07-06 06:00:00";12.9;13.5;12.5
"2019-07-06 07:00:00";13.7;13.9;13.4
"2019-07-06 08:00:00";13.7;14.1;13.3
"2019-07-06 09:00:00";14;14.3;13.5
"2019-07-06 10:00:00";13.3;14.1;12.8
"2019-07-06 11:00:00";14.3;15.1;13.6
"2019-07-06 12:00:00";14.5;15.5;13.7
"2019-07-06 13:00:00";13.8;15.2;13.1
"2019-07-06 14:00:00";13.8;14.5;13
"2019-07-06 15:00:00";13.8;14.8;13.2
"2019-07-06 16:00:00";13.7;14.2;13.3
"2019-07-06 17:00:00";13.9;14.5;13.3
"2019-07-06 18:00:00";12.8;13.8;11.7
"2019-07-06 19:00:00";12.3;12.9;11.8
"2019-07-06 20:00:00";12;12.2;11.6
"2019-07-06 21:00:00";11.5;11.7;11.3
"2019-07-06 22:00:00";11.7;12;11.4
"2019-07-06 23:00:00";11.9;12;11.7
"2019-07-07 00:00:00";11.6;11.8;11.5
"2019-07-07 01:00:00";11.6;11.7;11.5
"2019-07-07 02:00:00";11.5;11.6;11.4
"2019-07-07 03:00:00";11.4;11.5;11.3
"2019-07-07 04:00:00";11.3;11.4;11.2
"2019-07-07 05:00:00";11.3;11.4;11.2
"2019-07-07 06:00:00";11.4;11.5;11.3
"2019-07-07 07:00:00";11.6;11.8;11.4
"2019-07-07 08:00:00";11.8;12.1;11.6
"2019-07-07 09:00:00";11.9;12.2;11.7
"2019-07-07 10:00:00";12.6;13.6;11.8
"2019-07-07 11:00:00";13.4;14.2;12.7
"2019-07-07 12:00:00";13.1;13.8;12.5
"2019-07-07 13:00:00";13.3;14;12.7
"2019-07-07 14:00:00";12.6;13.4;12.2
"2019-07-07 15:00:00";12.6;13.2;12.2
"2019-07-07 16:00:00";13.3;13.8;13.1
"2019-07-07 17:00:00";13;13.5;12.5
"2019-07-07 18:00:00";12.5;13;11.9
"2019-07-07 19:00:00";11.8;12;11.6
"2019-07-07 20:00:00";11.3;11.7;11.1
"2019-07-07 21:00:00";10.9;11.2;10.4
"2019-07-07 22:00:00";10.3;10.5;10.1
"2019-07-07 23:00:00";10.1;10.4;9.9
"2019-07-08 00:00:00";9.8;10.1;9.4
"2019-07-08 01:00:00";9.6;9.8;9.4
"2019-07-08 02:00:00";9.8;9.9;9.5
"2019-07-08 03:00:00";9.5;9.7;9.3
"2019-07-08 04:00:00";9.6;10.1;9.4
"2019-07-08 05:00:00";10.7;11.8;10
"2019-07-08 06:00:00";11.8;12.1;11.6
"2019-07-08 07:00:00";12.8;13.5;11.9
"2019-07-08 08:00:00";13.4;14.1;13
"2019-07-08 09:00:00";14.3;15.4;13.3
"2019-07-08 10:00:00";14.8;15.7;14.1
"2019-07-08 11:00:00";15.3;16.1;14.7
"2019-07-08 12:00:00";15.3;15.8;14.6
"2019-07-08 13:00:00";15.2;15.8;14.7
"2019-07-08 14:00:00";14.4;15.1;13.9
"2019-07-08 15:00:00";14.7;15.7;14.1
"2019-07-08 16:00:00";13.9;14.8;13.5
"2019-07-08 17:00:00";14;14.8;13.5
"2019-07-08 18:00:00";13.3;14.1;12.7
"2019-07-08 19:00:00";12.5;13;12
"2019-07-08 20:00:00";11.8;12.1;11.6
"2019-07-08 21:00:00";11.5;11.7;11.1
"2019-07-08 22:00:00";11;11.2;10.9
"2019-07-08 23:00:00";11.3;11.5;11.1
"2019-07-09 00:00:00";11.4;11.5;11.3
"2019-07-09 01:00:00";11.4;11.5;11.3
"2019-07-09 02:00:00";11.4;11.5;11.3
"2019-07-09 03:00:00";11.3;11.5;11.2
"2019-07-09 04:00:00";11.4;11.6;11.2
"2019-07-09 05:00:00";11.6;11.7;11.4
"2019-07-09 06:00:00";11.9;12.2;11.6
"2019-07-09 07:00:00";12.4;12.7;12.1
"2019-07-09 08:00:00";12.8;13;12.7
"2019-07-09 09:00:00";13.6;14.5;13
"2019-07-09 10:00:00";14.9;16.3;14
"2019-07-09 11:00:00";16.2;17.1;15.1
"2019-07-09 12:00:00";17.3;18.3;16.6
"2019-07-09 13:00:00";18.4;18.9;17.9
"2019-07-09 14:00:00";19.1;19.6;18.4
"2019-07-09 15:00:00";19.7;20.2;19.3
"2019-07-09 16:00:00";19.5;20.4;18.8
"2019-07-09 17:00:00";18;19.1;16.9
"2019-07-09 18:00:00";16.2;17;15.4
"2019-07-09 19:00:00";14.7;15.5;13.6
"2019-07-09 20:00:00";12.7;13.6;11.7
"2019-07-09 21:00:00";11;11.7;10.4
"2019-07-09 22:00:00";9.9;10.5;9.5
"2019-07-09 23:00:00";9.6;9.8;9.3
"2019-07-10 00:00:00";9.2;9.4;8.9
"2019-07-10 01:00:00";9;9.2;8.9
"2019-07-10 02:00:00";8.5;9;8.2
"2019-07-10 03:00:00";8.4;8.7;8.2
"2019-07-10 04:00:00";8.5;8.8;8.3
"2019-07-10 05:00:00";9.6;10.6;8.7
"2019-07-10 06:00:00";11.7;12.8;10.6
"2019-07-10 07:00:00";13.6;14.5;12.6
"2019-07-10 08:00:00";15.3;15.8;14.3
"2019-07-10 09:00:00";16.4;17.1;15.8
"2019-07-10 10:00:00";17.3;17.9;16.8
"2019-07-10 11:00:00";17.8;18.2;17.2
"2019-07-10 12:00:00";18;18.5;17.6
"2019-07-10 13:00:00";18.2;18.6;17.8
"2019-07-10 14:00:00";18.1;18.5;17.6
"2019-07-10 15:00:00";18;18.4;17.6
"2019-07-10 16:00:00";17.4;17.9;17
"2019-07-10 17:00:00";16.8;17.4;16.2
"2019-07-10 18:00:00";16;16.4;15.3
"2019-07-10 19:00:00";14.6;15.4;13.7
"2019-07-10 20:00:00";12.8;13.6;12.4
"2019-07-10 21:00:00";12.7;13.1;12.5
"2019-07-10 22:00:00";13.3;13.4;13
"2019-07-10 23:00:00";13;13.5;12.4
"2019-07-11 00:00:00";12.3;12.5;12.1
"2019-07-11 01:00:00";12.5;12.9;12.2
"2019-07-11 02:00:00";12.6;12.8;12.3
"2019-07-11 03:00:00";12.4;12.5;12.3
"2019-07-11 04:00:00";12.4;12.7;12.3
"2019-07-11 05:00:00";12.6;12.8;12.4
"2019-07-11 06:00:00";12.7;12.9;12.6
"2019-07-11 07:00:00";12.9;13.2;12.7
"2019-07-11 08:00:00";13.4;13.8;13.1
"2019-07-11 09:00:00";13.7;14;13.4
"2019-07-11 10:00:00";14.3;14.9;13.8
"2019-07-11 11:00:00";14.9;15.1;14.7
"2019-07-11 12:00:00";15.2;15.4;14.8
"2019-07-11 13:00:00";15.5;15.7;15.2
"2019-07-11 14:00:00";15.7;16.1;15.4
"2019-07-11 15:00:00";16.3;16.5;15.8
"2019-07-11 16:00:00";16.2;16.5;16
"2019-07-11 17:00:00";16.1;16.3;15.8
"2019-07-11 18:00:00";15.6;15.9;15.4
"2019-07-11 19:00:00";15.5;15.7;15.4
"2019-07-11 20:00:00";15.5;15.6;15.4
"2019-07-11 21:00:00";15.3;15.6;15.1
"2019-07-11 22:00:00";15;15.3;14.8
"2019-07-11 23:00:00";14.7;14.9;14.5
"2019-07-12 00:00:00";14.2;14.7;13.8
"2019-07-12 01:00:00";13.9;14.2;13.7
"2019-07-12 02:00:00";13.9;14.1;13.7
"2019-07-12 03:00:00";14.2;14.4;13.9
"2019-07-12 04:00:00";14.5;14.7;14.3
"2019-07-12 05:00:00";14.8;15;14.6
"2019-07-12 06:00:00";15.1;15.3;14.9
"2019-07-12 07:00:00";15.4;15.6;15.2
"2019-07-12 08:00:00";15.8;16.3;15.5
"2019-07-12 09:00:00";16.9;17.6;16.1
"2019-07-12 10:00:00";18;18.4;17.4
"2019-07-12 11:00:00";18.5;19.1;18
"2019-07-12 12:00:00";17.5;19;16
"2019-07-12 13:00:00";17.1;17.9;16.2
"2019-07-12 14:00:00";18.3;19.6;17.6
"2019-07-12 15:00:00";19.2;19.6;18.7
"2019-07-12 16:00:00";19.7;20.4;18.7
"2019-07-12 17:00:00";18.2;19.7;17.5
"2019-07-12 18:00:00";18.1;18.6;17.5
"2019-07-12 19:00:00";17.6;18.1;17
"2019-07-12 20:00:00";16.5;17;16.2
"2019-07-12 21:00:00";16;16.3;15.7
"2019-07-12 22:00:00";15.2;15.9;14.7
"2019-07-12 23:00:00";14.2;14.8;13.6
"2019-07-13 00:00:00";13.4;13.7;13.1
"2019-07-13 01:00:00";12.8;13.2;12.2
"2019-07-13 02:00:00";12;12.3;11.7
"2019-07-13 03:00:00";11.8;12.1;11.7
"2019-07-13 04:00:00";11.5;11.8;11.4
"2019-07-13 05:00:00";11.9;12.4;11.5
"2019-07-13 06:00:00";12.6;13.1;12.3
"2019-07-13 07:00:00";13.5;14;12.9
"2019-07-13 08:00:00";14.4;14.9;13.9
"2019-07-13 09:00:00";15.3;16;14.8
"2019-07-13 10:00:00";16.2;16.8;15.7
"2019-07-13 11:00:00";17;17.6;16.5
"2019-07-13 12:00:00";16.2;17.5;15.4
"2019-07-13 13:00:00";15.2;15.5;14.9
"2019-07-13 14:00:00";15;15.5;14.5
"2019-07-13 15:00:00";14.7;15.1;14.2
"2019-07-13 16:00:00";14.2;14.6;13.9
"2019-07-13 17:00:00";13.6;14;13.4
"2019-07-13 18:00:00";13.3;13.5;13
"2019-07-13 19:00:00";12.9;13.1;12.7
"2019-07-13 20:00:00";12.7;12.8;12.6
"2019-07-13 21:00:00";12.6;12.7;12.5
"2019-07-13 22:00:00";12.5;12.6;12.4
"2019-07-13 23:00:00";12.4;12.6;12.3
"2019-07-14 00:00:00";12.3;12.5;12.3
"2019-07-14 01:00:00";12.3;12.4;12.3
"2019-07-14 02:00:00";12.4;12.5;12.2
"2019-07-14 03:00:00";12.4;12.6;12.3
"2019-07-14 04:00:00";12.5;12.6;12.3
"2019-07-14 05:00:00";12.6;12.8;12.5
"2019-07-14 06:00:00";12.9;13.2;12.7
"2019-07-14 07:00:00";13.3;13.8;13.1
"2019-07-14 08:00:00";14.1;14.5;13.7
"2019-07-14 09:00:00";15;15.5;14.6
"2019-07-14 10:00:00";15.8;16.5;15.1
"2019-07-14 11:00:00";16.8;17.7;16.2
"2019-07-14 12:00:00";18.3;19.3;17.6
"2019-07-14 13:00:00";18.9;19.4;18.1
"2019-07-14 14:00:00";17.4;18.5;17
"2019-07-14 15:00:00";17.1;17.6;16.6
"2019-07-14 16:00:00";17;17.7;16.2
"2019-07-14 17:00:00";15.5;16.8;14.7
"2019-07-14 18:00:00";14.4;15;13.6
"2019-07-14 19:00:00";13.3;13.6;12.9
"2019-07-14 20:00:00";12.6;12.9;12.4
"2019-07-14 21:00:00";12.3;12.4;12.2
"2019-07-14 22:00:00";12.2;12.3;12
"2019-07-14 23:00:00";12;12.1;11.9
"2019-07-15 00:00:00";11.9;12;11.8
"2019-07-15 01:00:00";11.9;12;11.8
"2019-07-15 02:00:00";11.8;11.9;11.6
"2019-07-15 03:00:00";11.7;11.9;11.6
"2019-07-15 04:00:00";11.7;11.8;11.6
"2019-07-15 05:00:00";11.8;12;11.7
"2019-07-15 06:00:00";12.2;12.5;11.9
"2019-07-15 07:00:00";12.6;12.9;12.4
"2019-07-15 08:00:00";13.1;13.7;12.7
"2019-07-15 09:00:00";14;14.4;13.5
"2019-07-15 10:00:00";14.9;15.6;14.3
"2019-07-15 11:00:00";15.9;16.3;15.3
"2019-07-15 12:00:00";16.4;17.3;15.9
"2019-07-15 13:00:00";18.6;19.5;17.3
"2019-07-15 14:00:00";18.6;19.2;17.8
"2019-07-15 15:00:00";19;19.7;18.3
"2019-07-15 16:00:00";19.1;19.5;18.8
"2019-07-15 17:00:00";18.7;19.5;17.8
"2019-07-15 18:00:00";16.9;17.8;16.3
"2019-07-15 19:00:00";15.5;16.4;14.4
"2019-07-15 20:00:00";13.6;14.4;13
"2019-07-15 21:00:00";13;13.1;12.9
"2019-07-15 22:00:00";12.7;13.1;12.5
"2019-07-15 23:00:00";12.5;12.7;12.5
"2019-07-16 00:00:00";12.7;13;12.5
"2019-07-16 01:00:00";12.9;13.1;12.8
"2019-07-16 02:00:00";12.8;12.9;12.7
"2019-07-16 03:00:00";12.9;13;12.8
"2019-07-16 04:00:00";12.9;13.1;12.8
"2019-07-16 05:00:00";13;13.2;12.9
"2019-07-16 06:00:00";13.5;13.9;13
"2019-07-16 07:00:00";14.3;14.9;13.8
"2019-07-16 08:00:00";15.5;16.5;14.7
"2019-07-16 09:00:00";17.1;18.3;16.3
"2019-07-16 10:00:00";18.8;19.4;18.1
"2019-07-16 11:00:00";19.5;20;19
"2019-07-16 12:00:00";20.2;20.8;19.5
"2019-07-16 13:00:00";20.8;21.3;20
"2019-07-16 14:00:00";21;21.4;20.3
"2019-07-16 15:00:00";20.6;21.2;19.9
"2019-07-16 16:00:00";20.3;20.8;19.6
"2019-07-16 17:00:00";18.9;19.6;18.4
"2019-07-16 18:00:00";17.3;18.4;16.3
"2019-07-16 19:00:00";15.6;16.5;14.7
"2019-07-16 20:00:00";13.8;14.7;12.8
"2019-07-16 21:00:00";12.3;12.8;12.1
"2019-07-16 22:00:00";11.5;12.1;11
"2019-07-16 23:00:00";11.3;11.5;11
"2019-07-17 00:00:00";11;11.4;10.5
"2019-07-17 01:00:00";10.5;11.1;10.2
"2019-07-17 02:00:00";11.3;11.5;11
"2019-07-17 03:00:00";11.2;11.5;11
"2019-07-17 04:00:00";10.9;11.3;10.6
"2019-07-17 05:00:00";11.8;12.4;11.2
"2019-07-17 06:00:00";12.9;13.7;12.4
"2019-07-17 07:00:00";13.8;14.7;13.3
"2019-07-17 08:00:00";14.8;15.4;14.3
"2019-07-17 09:00:00";16.1;16.9;15.4
"2019-07-17 10:00:00";17.3;18;16.5
"2019-07-17 11:00:00";18.3;18.7;17.9
"2019-07-17 12:00:00";19.1;19.6;18.5
"2019-07-17 13:00:00";19.9;20.7;19.2
"2019-07-17 14:00:00";20;20.5;19.4
"2019-07-17 15:00:00";20.4;20.9;19.8
"2019-07-17 16:00:00";19.6;20.4;18.9
"2019-07-17 17:00:00";18.1;19.2;17.3
"2019-07-17 18:00:00";16.5;17.3;16
"2019-07-17 19:00:00";15.4;16.1;14.6
"2019-07-17 20:00:00";13.9;14.6;13.4
"2019-07-17 21:00:00";13.9;14.1;13.5
"2019-07-17 22:00:00";13.8;14;13.6
"2019-07-17 23:00:00";13.8;13.9;13.6
"2019-07-18 00:00:00";13.9;14;13.8
"2019-07-18 01:00:00";13.8;14;13.7
"2019-07-18 02:00:00";13.7;13.9;13.5
"2019-07-18 03:00:00";13.5;13.7;13.2
"2019-07-18 04:00:00";13;13.4;12.8
"2019-07-18 05:00:00";12.7;13;12.4
"2019-07-18 06:00:00";13.2;13.4;12.8
"2019-07-18 07:00:00";13.6;13.9;13.3
"2019-07-18 08:00:00";14.9;16;13.9
"2019-07-18 09:00:00";16.9;18.1;15.7
"2019-07-18 10:00:00";19;19.9;18
"2019-07-18 11:00:00";20.6;21.3;19.8
"2019-07-18 12:00:00";21.6;22.5;21
"2019-07-18 13:00:00";22.3;23;21.5
"2019-07-18 14:00:00";22.6;23.4;22.1
"2019-07-18 15:00:00";21.9;22.6;21
"2019-07-18 16:00:00";20.9;21.7;20.4
"2019-07-18 17:00:00";19.9;20.4;19.6
"2019-07-18 18:00:00";19.4;19.7;19
"2019-07-18 19:00:00";18.7;19.1;18.1
"2019-07-18 20:00:00";17.8;18.2;17.4
"2019-07-18 21:00:00";16.7;17.5;16.3
"2019-07-18 22:00:00";16.1;16.3;15.9
"2019-07-18 23:00:00";15.5;16;15.2
"2019-07-19 00:00:00";15.7;15.9;15.4
"2019-07-19 01:00:00";15.4;15.8;15.1
"2019-07-19 02:00:00";15.1;15.3;14.8
"2019-07-19 03:00:00";14.9;15;14.7
"2019-07-19 04:00:00";14.9;15;14.8
"2019-07-19 05:00:00";15;15.4;14.8
"2019-07-19 06:00:00";15.2;15.5;15.1
"2019-07-19 07:00:00";15;15.3;14.7
"2019-07-19 08:00:00";14.8;15.1;14.5
"2019-07-19 09:00:00";15.4;16;14.8
"2019-07-19 10:00:00";16.7;17.6;15.9
"2019-07-19 11:00:00";18;19;17.1
"2019-07-19 12:00:00";19.2;20.1;18.1
"2019-07-19 13:00:00";19.6;20.5;18.8
"2019-07-19 14:00:00";19.4;19.9;19
"2019-07-19 15:00:00";20.5;21.2;19.6
"2019-07-19 16:00:00";20;21;19.4
"2019-07-19 17:00:00";19.6;20;19.2
"2019-07-19 18:00:00";18.7;19.3;17.9
"2019-07-19 19:00:00";16.7;17.8;15.9
"2019-07-19 20:00:00";15.1;15.9;14.2
"2019-07-19 21:00:00";13.8;14.2;13.4
"2019-07-19 22:00:00";13.8;14;13.5
"2019-07-19 23:00:00";12.8;13.4;12.2
"2019-07-20 00:00:00";11.8;12.2;11.5
"2019-07-20 01:00:00";11.9;12.1;11.7
"2019-07-20 02:00:00";12.1;12.5;12
"2019-07-20 03:00:00";12.7;13.1;12.3
"2019-07-20 04:00:00";13.2;13.4;13
"2019-07-20 05:00:00";13.5;14.2;13.1
"2019-07-20 06:00:00";14.6;15.2;14.2
"2019-07-20 07:00:00";15.5;16;15
"2019-07-20 08:00:00";16.3;16.5;15.9
"2019-07-20 09:00:00";16.2;16.7;15.6
"2019-07-20 10:00:00";16.8;18.2;15.7
"2019-07-20 11:00:00";19.4;20.8;18.2
"2019-07-20 12:00:00";21;21.8;20.7
"2019-07-20 13:00:00";22.3;22.5;21.9
"2019-07-20 14:00:00";19.6;22;18.4
"2019-07-20 15:00:00";17.5;18.2;17
"2019-07-20 16:00:00";17.1;17.6;16.6
"2019-07-20 17:00:00";16.7;17.1;16.5
"2019-07-20 18:00:00";17;17.2;16.8
"2019-07-20 19:00:00";17;17.2;16.9
"2019-07-20 20:00:00";16.8;17.1;16.5
"2019-07-20 21:00:00";16.2;16.6;15.9
"2019-07-20 22:00:00";16;16.2;15.9
"2019-07-20 23:00:00";16.2;16.3;16
"2019-07-21 00:00:00";16.1;16.3;16
"2019-07-21 01:00:00";16.2;16.4;16.1
"2019-07-21 02:00:00";16;16.3;15.7
"2019-07-21 03:00:00";16;16.2;15.7
"2019-07-21 04:00:00";16.1;16.2;15.9
"2019-07-21 05:00:00";16.1;16.2;16
"2019-07-21 06:00:00";16.1;16.3;16
"2019-07-21 07:00:00";16.1;16.2;15.9
"2019-07-21 08:00:00";15.9;16.1;15.7
"2019-07-21 09:00:00";16.1;16.4;16
"2019-07-21 10:00:00";16.4;16.9;16.1
"2019-07-21 11:00:00";16.6;17.1;16.2
"2019-07-21 12:00:00";15.7;16.1;15.4
"2019-07-21 13:00:00";15.3;15.9;15
"2019-07-21 14:00:00";15.2;15.8;15
"2019-07-21 15:00:00";15.7;16.1;15.4
"2019-07-21 16:00:00";16.7;17.3;15.9
"2019-07-21 17:00:00";16.7;17.1;16.5
"2019-07-21 18:00:00";16.1;16.6;15.7
"2019-07-21 19:00:00";15.3;15.7;14.9
"2019-07-21 20:00:00";14.3;14.9;13.6
"2019-07-21 21:00:00";13.1;13.7;12.6
"2019-07-21 22:00:00";12.3;12.6;12.1
"2019-07-21 23:00:00";11.9;12.2;11.6
"2019-07-22 00:00:00";12.4;12.5;12
"2019-07-22 01:00:00";12.4;12.5;12.3
"2019-07-22 02:00:00";12.5;12.7;12.3
"2019-07-22 03:00:00";12.9;13.2;12.6
"2019-07-22 04:00:00";13.4;13.7;13.2
"2019-07-22 05:00:00";13.8;14;13.7
"2019-07-22 06:00:00";14;14.3;13.8
"2019-07-22 07:00:00";14.4;14.6;14.2
"2019-07-22 08:00:00";14.6;14.8;14.4
"2019-07-22 09:00:00";14.2;14.8;13.8
"2019-07-22 10:00:00";14.6;15.1;14.1
"2019-07-22 11:00:00";15.1;15.5;14.9
"2019-07-22 12:00:00";15.5;15.6;15.3
"2019-07-22 13:00:00";15.5;15.6;15.3
"2019-07-22 14:00:00";15.6;15.8;15.5
"2019-07-22 15:00:00";16;16.4;15.6
"2019-07-22 16:00:00";16.5;16.6;16.2
"2019-07-22 17:00:00";16.6;16.7;16.5
"2019-07-22 18:00:00";16.6;16.7;16.5
"2019-07-22 19:00:00";16.5;16.7;16.4
"2019-07-22 20:00:00";16.4;16.5;16.4
"2019-07-22 21:00:00";16.3;16.4;16.2
"2019-07-22 22:00:00";16.3;16.4;16.2
"2019-07-22 23:00:00";16.4;16.6;16.3
"2019-07-23 00:00:00";16.4;16.5;16.3
"2019-07-23 01:00:00";16.4;16.5;16.3
"2019-07-23 02:00:00";16.2;16.4;15.9
"2019-07-23 03:00:00";15.7;16;15.3
"2019-07-23 04:00:00";15.3;15.6;15.1
"2019-07-23 05:00:00";15.6;16;15.2
"2019-07-23 06:00:00";16.6;17.4;15.9
"2019-07-23 07:00:00";18.1;18.7;17.4
"2019-07-23 08:00:00";19.6;20.4;18.7
"2019-07-23 09:00:00";20.8;21.4;20.3
"2019-07-23 10:00:00";21.8;22.4;21.2
"2019-07-23 11:00:00";22.4;22.8;22
"2019-07-23 12:00:00";22.9;23.7;22.2
"2019-07-23 13:00:00";23.4;23.8;22.9
"2019-07-23 14:00:00";23.3;23.8;23
"2019-07-23 15:00:00";23.1;23.7;22.7
"2019-07-23 16:00:00";22.8;23.1;22.6
"2019-07-23 17:00:00";22.2;22.9;21.7
"2019-07-23 18:00:00";21.2;21.7;20.5
"2019-07-23 19:00:00";19.8;20.6;18.9
"2019-07-23 20:00:00";18;19;17
"2019-07-23 21:00:00";16.4;17;15.7
"2019-07-23 22:00:00";16.1;16.6;15.5
"2019-07-23 23:00:00";15.5;16.3;14.5
"2019-07-24 00:00:00";14.6;15.5;13.6
"2019-07-24 01:00:00";13.9;14.9;13.1
"2019-07-24 02:00:00";13.2;14.1;12.4
"2019-07-24 03:00:00";12.3;12.6;12
"2019-07-24 04:00:00";11.8;12.4;11.6
"2019-07-24 05:00:00";12.7;13.8;11.9
"2019-07-24 06:00:00";14.7;16.1;13.8
"2019-07-24 07:00:00";18;19.9;16
"2019-07-24 08:00:00";21.3;22.6;19.9
"2019-07-24 09:00:00";23.3;24.2;22.5
"2019-07-24 10:00:00";24.6;25.2;23.9
"2019-07-24 11:00:00";25.9;26.6;25.2
"2019-07-24 12:00:00";26.6;27.2;26
"2019-07-24 13:00:00";27.2;27.8;26.5
"2019-07-24 14:00:00";27.9;28.5;27.3
"2019-07-24 15:00:00";28.7;29.2;28.2
"2019-07-24 16:00:00";29;29.3;28.6
"2019-07-24 17:00:00";29;29.3;28.7
"2019-07-24 18:00:00";28.4;29.2;27.5
"2019-07-24 19:00:00";26.4;27.6;25
"2019-07-24 20:00:00";23.8;25;22.9
"2019-07-24 21:00:00";21.6;22.9;20.6
"2019-07-24 22:00:00";20.4;21;19.9
"2019-07-24 23:00:00";19.6;20.2;19.1
"2019-07-25 00:00:00";19.3;19.7;18.9
"2019-07-25 01:00:00";18.6;19.1;18.1
"2019-07-25 02:00:00";18.1;18.2;17.9
"2019-07-25 03:00:00";18.1;18.3;17.9
"2019-07-25 04:00:00";18.2;18.5;17.9
"2019-07-25 05:00:00";18.8;19.5;18.4
"2019-07-25 06:00:00";20.4;21.1;19.5
"2019-07-25 07:00:00";22.3;23.6;21.2
"2019-07-25 08:00:00";24;24.9;23
"2019-07-25 09:00:00";26.1;27.1;24.8
"2019-07-25 10:00:00";27.7;28.5;26.9
"2019-07-25 11:00:00";28.8;29.6;28.2
"2019-07-25 12:00:00";29.9;30.5;29.5
"2019-07-25 13:00:00";30.9;31.6;30.2
"2019-07-25 14:00:00";31.8;32.2;31.2
"2019-07-25 15:00:00";31.9;32.2;31.5
"2019-07-25 16:00:00";31.8;32.3;31.6
"2019-07-25 17:00:00";31.3;31.6;30.8
"2019-07-25 18:00:00";30.2;30.9;29.4
"2019-07-25 19:00:00";27.9;29.5;25.8
"2019-07-25 20:00:00";24.3;25.7;23.4
"2019-07-25 21:00:00";22.7;23.5;22.1
"2019-07-25 22:00:00";21.7;22.2;21.2
"2019-07-25 23:00:00";21.1;21.4;20.8
"2019-07-26 00:00:00";20.7;21.2;19.8
"2019-07-26 01:00:00";19.4;19.8;19
"2019-07-26 02:00:00";18.7;19;18.2
"2019-07-26 03:00:00";17.9;18.3;17.6
"2019-07-26 04:00:00";17.5;17.8;17.2
"2019-07-26 05:00:00";17.7;18.3;17.2
"2019-07-26 06:00:00";19.3;20.5;18.3
"2019-07-26 07:00:00";21.6;23.1;20.5
"2019-07-26 08:00:00";23.9;25;23
"2019-07-26 09:00:00";26;27.1;25
"2019-07-26 10:00:00";27.3;28.2;26.6
"2019-07-26 11:00:00";28.2;29.5;26.7
"2019-07-26 12:00:00";28.8;29.3;28.4
"2019-07-26 13:00:00";29.7;30.6;28.8
"2019-07-26 14:00:00";29.9;30.5;29.3
"2019-07-26 15:00:00";30.3;30.7;30
"2019-07-26 16:00:00";30.3;30.7;30
"2019-07-26 17:00:00";29.2;30.4;28.7
"2019-07-26 18:00:00";28.1;28.8;27.2
"2019-07-26 19:00:00";26.1;27.2;24.6
"2019-07-26 20:00:00";23.6;24.7;22.5
"2019-07-26 21:00:00";22.9;23.2;22.1
"2019-07-26 22:00:00";21.3;22.2;20.7
"2019-07-26 23:00:00";20.3;21;19.5
"2019-07-27 00:00:00";19;19.5;18.6
"2019-07-27 01:00:00";18.2;18.8;17.7
"2019-07-27 02:00:00";17.5;18;17
"2019-07-27 03:00:00";17.2;17.5;16.6
"2019-07-27 04:00:00";16.9;17.2;16.4
"2019-07-27 05:00:00";17.3;17.6;17
"2019-07-27 06:00:00";18.2;19;17.6
"2019-07-27 07:00:00";20.2;21.2;19
"2019-07-27 08:00:00";21.7;22.3;21.2
"2019-07-27 09:00:00";23.3;24.4;22.3
"2019-07-27 10:00:00";24.6;25.1;24.1
"2019-07-27 11:00:00";25.1;25.9;24.2
"2019-07-27 12:00:00";26.2;26.9;25.4
"2019-07-27 13:00:00";25.8;26.7;24.9
"2019-07-27 14:00:00";25.8;26.7;25.1
"2019-07-27 15:00:00";26;26.4;25.7
"2019-07-27 16:00:00";25.7;26.3;25
"2019-07-27 17:00:00";25.4;26.2;24.8
"2019-07-27 18:00:00";25.1;25.4;24.7
"2019-07-27 19:00:00";24;24.7;23.5
"2019-07-27 20:00:00";21.4;23.7;19.4
"2019-07-27 21:00:00";19.6;20;19.3
"2019-07-27 22:00:00";19;19.4;18.8
"2019-07-27 23:00:00";19.4;19.7;19.1
"2019-07-28 00:00:00";18.5;19.2;18.2
"2019-07-28 01:00:00";18.6;18.8;18.3
"2019-07-28 02:00:00";18.5;18.8;18.1
"2019-07-28 03:00:00";17.9;18.3;17.6
"2019-07-28 04:00:00";17.5;17.7;17.3
"2019-07-28 05:00:00";17.9;18.8;17.4
"2019-07-28 06:00:00";19.1;19.9;18.5
"2019-07-28 07:00:00";20.3;21.2;19.8
"2019-07-28 08:00:00";21.6;22.6;21.1
"2019-07-28 09:00:00";22.1;22.8;21.7
"2019-07-28 10:00:00";23.1;23.7;22.3
"2019-07-28 11:00:00";24.3;25.1;23.8
"2019-07-28 12:00:00";20.3;24.2;18.5
"2019-07-28 13:00:00";18.6;19.7;18
"2019-07-28 14:00:00";21.3;22.4;19.7
"2019-07-28 15:00:00";21.8;23.1;20.9
"2019-07-28 16:00:00";22.9;23.5;22.2
"2019-07-28 17:00:00";23.1;23.5;22.6
"2019-07-28 18:00:00";22;22.7;21.3
"2019-07-28 19:00:00";22.1;22.6;21.4
"2019-07-28 20:00:00";20.4;21.3;19.5
"2019-07-28 21:00:00";19.1;19.9;17.9
"2019-07-28 22:00:00";17.9;18.2;17.4
"2019-07-28 23:00:00";17.6;17.8;17.3
"2019-07-29 00:00:00";17.5;17.7;17.3
"2019-07-29 01:00:00";17.4;17.7;17
"2019-07-29 02:00:00";16.4;17.1;16
"2019-07-29 03:00:00";16.1;16.3;15.8
"2019-07-29 04:00:00";16.5;17;16.1
"2019-07-29 05:00:00";17.3;17.5;16.9
"2019-07-29 06:00:00";18.5;19.2;17.6
"2019-07-29 07:00:00";19.9;20.9;19.1
"2019-07-29 08:00:00";22.1;23.6;20.7
"2019-07-29 09:00:00";24.3;25.2;23.5
"2019-07-29 10:00:00";25.1;25.5;24.7
"2019-07-29 11:00:00";25.9;26.2;25.2
"2019-07-29 12:00:00";26.5;27.2;25.8
"2019-07-29 13:00:00";27.1;27.7;26.6
"2019-07-29 14:00:00";27.9;28.3;27.2
"2019-07-29 15:00:00";28.1;28.5;27.8
"2019-07-29 16:00:00";25.4;28.3;22.3
"2019-07-29 17:00:00";21.3;22.2;20.5
"2019-07-29 18:00:00";20.2;20.6;20
"2019-07-29 19:00:00";20.1;20.3;19.9
"2019-07-29 20:00:00";19.8;20.1;19.4
"2019-07-29 21:00:00";19;19.4;18.5
"2019-07-29 22:00:00";18.3;18.6;18
"2019-07-29 23:00:00";17.8;18.1;17.5
"2019-07-30 00:00:00";17.3;17.7;17
"2019-07-30 01:00:00";16.8;17.1;16.5
"2019-07-30 02:00:00";16.5;16.7;16.3
"2019-07-30 03:00:00";16.2;16.4;16
"2019-07-30 04:00:00";16;16.3;15.8
"2019-07-30 05:00:00";16.3;16.5;16.1
"2019-07-30 06:00:00";16.7;17;16.4
"2019-07-30 07:00:00";17.1;17.3;16.8
"2019-07-30 08:00:00";17.8;18.4;17.3
"2019-07-30 09:00:00";20;21.3;18.3
"2019-07-30 10:00:00";21.9;22.8;21.2
"2019-07-30 11:00:00";21.7;22.3;21.3
"2019-07-30 12:00:00";21.4;22.3;21
"2019-07-30 13:00:00";22.1;23.3;21.5
"2019-07-30 14:00:00";23.1;24;22
"2019-07-30 15:00:00";22.8;23.9;21.7
"2019-07-30 16:00:00";22.1;22.5;21.5
"2019-07-30 17:00:00";20.7;21.8;20.3
"2019-07-30 18:00:00";19.8;20.5;19
"2019-07-30 19:00:00";18.4;19.1;18
"2019-07-30 20:00:00";17.7;18.1;17.2
"2019-07-30 21:00:00";17.4;17.6;17.3
"2019-07-30 22:00:00";17.3;17.6;16.9
"2019-07-30 23:00:00";16.1;17;15.5
"2019-07-31 00:00:00";15.6;15.8;15.4
"2019-07-31 01:00:00";15.6;15.9;15.2
"2019-07-31 02:00:00";14.6;15.2;14.3
"2019-07-31 03:00:00";13.7;14.2;13.4
"2019-07-31 04:00:00";13.4;13.6;13
"2019-07-31 05:00:00";13.8;14.3;13.2
"2019-07-31 06:00:00";14.6;15.2;14.2
"2019-07-31 07:00:00";16.2;16.8;15.3
"2019-07-31 08:00:00";17.1;17.3;16.8
"2019-07-31 09:00:00";17.2;17.5;16.8
"2019-07-31 10:00:00";18.1;18.8;17.4
"2019-07-31 11:00:00";19.2;19.7;18.7
"2019-07-31 12:00:00";19.4;19.9;18.7
"2019-07-31 13:00:00";20.2;21.3;19.2
"2019-07-31 14:00:00";21.5;22.3;19.8
"2019-07-31 15:00:00";18.2;19.6;16.9
"2019-07-31 16:00:00";15;16.9;14.6
"2019-07-31 17:00:00";14.7;14.9;14.6
"2019-07-31 18:00:00";14.7;14.9;14.6
"2019-07-31 19:00:00";14.7;14.9;14.5
"2019-07-31 20:00:00";14.5;14.7;14.4
"2019-07-31 21:00:00";14.4;14.6;14.3
"2019-07-31 22:00:00";14.6;14.8;14.4
"2019-07-31 23:00:00";14.5;14.6;14.3
"2019-08-01 00:00:00";14.6;14.8;14.3