GasDay;NG Demand DK MWh
2023-01-01;45069.885
2023-01-02;68576.548
2023-01-03;79426.712
2023-01-04;60675.27
2023-01-05;83403.497
2023-01-06;67141.594
2023-01-07;52883.536
2023-01-08;54009.908
2023-01-09;76696.296
2023-01-10;74401.511
2023-01-11;66142.131
2023-01-12;67367.599
2023-01-13;64826.235
2023-01-14;58658.123
2023-01-15;59906.661
2023-01-16;81301.027
2023-01-17;84787.108
2023-01-18;96494.814
2023-01-19;110790.141
2023-01-20;110217.346
2023-01-21;100754.425
2023-01-22;106144.153
2023-01-23;118547.519
2023-01-24;110662.666
2023-01-25;104022.302
2023-01-26;91754.921
2023-01-27;106227.662
2023-01-28;81300.261
2023-01-29;64615.05
2023-01-30;76440.872
2023-01-31;82017.449
2023-02-01;78151.96
2023-02-02;92271.581
2023-02-03;77603.374
2023-02-04;92045.948
2023-02-05;84335.902
2023-02-06;113680.888
2023-02-07;112385.345
2023-02-08;96375.935
2023-02-09;82405.532
2023-02-10;71935.609
2023-02-11;60695.917
2023-02-12;62634.571
2023-02-13;77904.219
2023-02-14;87332.1
2023-02-15;86145.68
2023-02-16;82620.266
2023-02-17;64181.919
2023-02-18;69816.187
2023-02-19;69247.598
2023-02-20;76866.585
2023-02-21;86931.4
2023-02-22;95492.632
2023-02-23;78180.551
2023-02-24;70064.909
2023-02-25;73543.79
2023-02-26;80179.268
2023-02-27;93186.181
2023-02-28;88801.919
2023-03-01;90943.807
2023-03-02;86784.988
2023-03-03;74897.706
2023-03-04;63895.258
2023-03-05;78982.073
2023-03-06;96555.249
2023-03-07;96285.058
2023-03-08;101851.123
2023-03-09;103887.89
2023-03-10;94287.405
2023-03-11;77519.469
2023-03-12;72320.984
2023-03-13;61916.218
2023-03-14;85189.027
2023-03-15;79566.585
2023-03-16;76381.023
2023-03-17;68135.235
2023-03-18;59898.157
2023-03-19;58774.146
2023-03-20;73035.805
2023-03-21;70729.808
2023-03-22;62123.905
2023-03-23;57380.419
2023-03-24;55266.39
2023-03-25;44344.154
2023-03-26;65087.458
2023-03-27;78624.493
2023-03-28;84268.031
2023-03-29;79646.097
2023-03-30;64973.202
2023-03-31;67255.266
2023-04-01;59183.255
2023-04-02;61426.271
2023-04-03;72881.88
2023-04-04;70872.325
2023-04-05;69157.53
2023-04-06;55828.949
2023-04-07;56484.037
2023-04-08;51341.135
2023-04-09;45469.45
2023-04-10;43674.514
2023-04-11;57457.265
2023-04-12;59426.676
2023-04-13;58105.922
2023-04-14;60120.72
2023-04-15;46302.535
2023-04-16;51119.441
2023-04-17;58125.53
2023-04-18;51697.91
2023-04-19;47908.823
2023-04-20;46101.359
2023-04-21;40539.451
2023-04-22;33502.291
2023-04-23;37626.487
2023-04-24;50674.686
2023-04-25;58611.201
2023-04-26;60425.692
2023-04-27;60017.779
2023-04-28;56358.763
2023-04-29;42175.404
2023-04-30;43009.025
2023-05-01;44067.843
2023-05-02;55196.619
2023-05-03;60228.166
2023-05-04;51779.245
2023-05-05;45136.056
2023-05-06;47934.43
2023-05-07;41028.65
2023-05-08;44781.877
2023-05-09;43775.718
2023-05-10;45565.281
2023-05-11;42428.12
2023-05-12;36423.16
2023-05-13;28654.743
2023-05-14;29381.651
2023-05-15;36191.62
2023-05-16;41690.031
2023-05-17;42610.414
2023-05-18;35429.567
2023-05-19;31695.888
2023-05-20;27217.413
2023-05-21;26388.208
2023-05-22;36114.989
2023-05-23;39675.799
2023-05-24;39844.295
2023-05-25;41377.031
2023-05-26;36711.803
2023-05-27;28735.044
2023-05-28;26326.245
2023-05-29;29191.267
2023-05-30;36393.666
2023-05-31;35946.212
2023-06-01;43826.118
2023-06-02;41456.185
2023-06-03;32373.381
2023-06-04;38778.983
2023-06-05;45072.521
2023-06-06;48374.41
2023-06-07;50351.532
2023-06-08;47757.81
2023-06-09;43539.912
2023-06-10;31085.645
2023-06-11;27247.049
2023-06-12;34070.348
2023-06-13;32567.643
2023-06-14;34152.299
2023-06-15;33083.469
2023-06-16;30016.528
2023-06-17;28881.774
2023-06-18;25937.023
2023-06-19;32584.085
2023-06-20;34124.093
2023-06-21;33789.828
2023-06-22;34798.472
2023-06-23;29904.046
2023-06-24;24980.901
2023-06-25;27597.889
2023-06-26;33131.434
2023-06-27;33772.88
2023-06-28;33863.027
2023-06-29;32223.805
2023-06-30;29825.225
2023-07-01;23815.742
2023-07-02;24980.951
2023-07-03;32984.997
2023-07-04;35327.268
2023-07-05;34453.398
2023-07-06;40659.799
2023-07-07;32103.853
2023-07-08;23054.453
2023-07-09;23955.161
2023-07-10;31675.877
2023-07-11;29800.652
2023-07-12;28176.283
2023-07-13;27471.935
2023-07-14;23445.138
2023-07-15;17693.467
2023-07-16;18219.967
2023-07-17;23178.079
2023-07-18;30538.557
2023-07-19;38764.115
2023-07-20;34210.587
2023-07-21;35877.981
2023-07-22;30425.899
2023-07-23;29003.734
2023-07-24;34770.615
2023-07-25;33565.72
2023-07-26;35180.275
2023-07-27;38350.157
2023-07-28;36842.47
2023-07-29;31621.655
2023-07-30;29111.818
2023-07-31;39106.184
2023-08-01;41231.902
2023-08-02;39612.537
2023-08-03;38355.276
2023-08-04;39391.944
2023-08-05;37097.552
2023-08-06;37477.903
2023-08-07;44542.917
2023-08-08;48301.207
2023-08-09;49235.957
2023-08-10;52706.973
2023-08-11;47252.079
2023-08-12;37711.396
2023-08-13;37362.375
2023-08-14;38219.376
2023-08-15;38044.183
2023-08-16;37641.641
2023-08-17;37472.43
2023-08-18;31937.805
2023-08-19;30458.627
2023-08-20;30956.118
2023-08-21;40646.323
2023-08-22;37353.234
2023-08-23;36528.259
2023-08-24;37386.385
2023-08-25;32472.708
2023-08-26;28673.156
2023-08-27;31155.989
2023-08-28;38199.907
2023-08-29;41335.404
2023-08-30;39563.929
2023-08-31;40452.944
2023-09-01;35579.624
2023-09-02;28829.913
2023-09-03;30094.699
2023-09-04;39878.146
2023-09-05;36426.258
2023-09-06;36991.716
2023-09-07;36513.598
2023-09-08;33538.355
2023-09-09;25369.783
2023-09-10;27808.164
2023-09-11;39786.783
2023-09-12;39327.014
2023-09-13;40264.376
2023-09-14;41733.674
2023-09-15;34382.169
2023-09-16;27408.438
2023-09-17;29237.359
2023-09-18;34856.048
2023-09-19;37310.431
2023-09-20;37397.838
2023-09-21;39904.229
2023-09-22;34223.022
2023-09-23;30099.768
2023-09-24;31171.955
2023-09-25;39884.821
2023-09-26;39261.575
2023-09-27;36043.391
2023-09-28;36272.273
2023-09-29;32703.58
2023-09-30;28559.528
2023-10-01;31127.207
2023-10-02;40208.189
2023-10-03;40323.605
2023-10-04;43147.721
2023-10-05;44500.291
2023-10-06;38000.44
2023-10-07;45924.097
2023-10-08;59708.347
2023-10-09;68195.695
2023-10-10;49810.594
2023-10-11;45131.872
2023-10-12;51199.113
2023-10-13;44638.683
2023-10-14;41018.368
2023-10-15;45026.048
2023-10-16;63772.033
2023-10-17;58149.556
2023-10-18;54950.916
2023-10-19;59699.082
2023-10-20;62363.86
2023-10-21;49161.28
2023-10-22;44837.716
2023-10-23;66301.33
2023-10-24;57907.794
2023-10-25;61446.064
2023-10-26;76147.006
2023-10-27;74593.866
2023-10-28;58226.871
2023-10-29;46995.617
2023-10-30;59610.779
2023-10-31;74291.746
2023-11-01;69503.332
2023-11-02;55078.426
2023-11-03;50130.166
2023-11-04;46899.085
2023-11-05;46714.248
2023-11-06;55915.543
2023-11-07;62417.828
2023-11-08;60919.011
2023-11-09;63155.3
2023-11-10;61900.199
2023-11-11;57980.648
2023-11-12;61552.303
2023-11-13;71577.087
2023-11-14;70709.276
2023-11-15;88847.718
2023-11-16;99342.663
2023-11-17;95508.385
2023-11-18;75806.952
2023-11-19;61031.022
2023-11-20;87499.093
2023-11-21;94762.462
2023-11-22;84176.021
2023-11-23;69697.137
2023-11-24;79068.757
2023-11-25;92378.344
2023-11-26;105090.964
2023-11-27;120992.531
2023-11-28;144902.494
2023-11-29;144674.208
2023-11-30;142658.773
2023-12-01;130196.978
2023-12-02;120761.983
2023-12-03;114831.755
2023-12-04;122108.176
2023-12-05;119567.884
2023-12-06;125037.698
2023-12-07;106247.134
2023-12-08;97639.429
2023-12-09;71823.328
2023-12-10;66710.566
2023-12-11;86730.839
2023-12-12;97983.017
2023-12-13;110026.51
2023-12-14;102756.852
2023-12-15;75339.453
2023-12-16;49786.189
2023-12-17;49746.177
2023-12-18;58303.966
2023-12-19;66039.918
2023-12-20;70314.877
2023-12-21;65589.087
2023-12-22;69074.596
2023-12-23;62816.686
2023-12-24;51374.527
2023-12-25;51032.009
2023-12-26;57992.971
2023-12-27;73678.567
2023-12-28;52450.634
2023-12-29;51649.5
2023-12-30;52028.521
2023-12-31;51275.906
